<?xml version="1.0" encoding="utf-8" standalone="yes"?>
<rss version="2.0" xmlns:atom="http://www.w3.org/2005/Atom">
  <channel>
    <title>光伏 on 凉风有信 秋月无边</title>
    <link>/categories/%E5%85%89%E4%BC%8F/</link>
    <description>Recent content in 光伏 on 凉风有信 秋月无边</description>
    <generator>Hugo -- gohugo.io</generator>
    <language>en-us</language>
    <lastBuildDate>Mon, 22 Jan 2024 08:49:33 +0800</lastBuildDate><atom:link href="/categories/%E5%85%89%E4%BC%8F/index.xml" rel="self" type="application/rss+xml" />
    <item>
      <title>建兴光伏踏勘尺寸要求</title>
      <link>/posts/xmcandour-solar-side/</link>
      <pubDate>Mon, 22 Jan 2024 08:49:33 +0800</pubDate>
      
      <guid>/posts/xmcandour-solar-side/</guid>
      <description>房屋尺寸 房屋的南北长度和东西长度必须在图纸中明确标注，默认内径尺寸 房屋额外尺寸 位置 东(米) 西(米) 南(米) 北(米) 备注 女儿墙宽 女儿墙高 不填默</description>
    </item>
    
  </channel>
</rss>
