<?xml version="1.0" encoding="utf-8" standalone="yes"?>
<rss version="2.0" xmlns:atom="http://www.w3.org/2005/Atom">
  <channel>
    <title>hugo on 凉风有信 秋月无边</title>
    <link>/tags/hugo/</link>
    <description>Recent content in hugo on 凉风有信 秋月无边</description>
    <generator>Hugo -- gohugo.io</generator>
    <language>en-us</language>
    <lastBuildDate>Sat, 18 Mar 2023 16:26:23 +0800</lastBuildDate><atom:link href="/tags/hugo/index.xml" rel="self" type="application/rss+xml" />
    <item>
      <title>更多富文本显示</title>
      <link>/posts/rich-content/</link>
      <pubDate>Sat, 18 Mar 2023 16:26:23 +0800</pubDate>
      
      <guid>/posts/rich-content/</guid>
      <description>主题的富文本显示方式 支持mermaid flowchart LR A --&gt; B B --&gt; C C --&gt; D D --&gt; B \{\{&amp;lt;mermaid&amp;gt;\}\} flowchart LR A --&amp;gt; B B --&amp;gt; C C --&amp;gt; D D --&amp;gt; B \{\{&amp;lt;/mermaid&amp;gt;\}\} 注释 这里是一个注释 # 实际使用时要删除\符号</description>
    </item>
    
  </channel>
</rss>
