<?xml version="1.0" encoding="utf-8" standalone="yes"?>
<rss version="2.0" xmlns:atom="http://www.w3.org/2005/Atom">
  <channel>
    <title>work on 凉风有信 秋月无边</title>
    <link>/tags/work/</link>
    <description>Recent content in work on 凉风有信 秋月无边</description>
    <generator>Hugo -- gohugo.io</generator>
    <language>en-us</language>
    <lastBuildDate>Tue, 28 Mar 2023 22:05:40 +0800</lastBuildDate><atom:link href="/tags/work/index.xml" rel="self" type="application/rss+xml" />
    <item>
      <title>在数据团队构建“铁三角”</title>
      <link>/posts/data-team-work-with-others/</link>
      <pubDate>Tue, 28 Mar 2023 22:05:40 +0800</pubDate>
      
      <guid>/posts/data-team-work-with-others/</guid>
      <description>前言 在企业内部的数字化建设中，数据部门作为“内部乙方”，需要面对来自内部的各种客户。如何让我们的客户都满意，让业务价值最大化，是一件不容易的</description>
    </item>
    
    <item>
      <title>网络IP地址段规定</title>
      <link>/posts/rules-for-ip-address/</link>
      <pubDate>Tue, 28 Mar 2023 14:01:23 +0800</pubDate>
      
      <guid>/posts/rules-for-ip-address/</guid>
      <description>总部 门店 序号 IP段 设备 备注 1 001~009 服务器 2 010~039 电子秤 3 040~099 内网电脑 4 100 网关-防火墙 关闭DHCP 5 101~159 空闲 6 160~179 外网设备 7 180~199 空闲 8 200~255 空闲</description>
    </item>
    
  </channel>
</rss>
