<?xml version="1.0" encoding="utf-8" standalone="yes"?>
<rss version="2.0" xmlns:atom="http://www.w3.org/2005/Atom">
  <channel>
    <title>docker on 凉风有信 秋月无边</title>
    <link>/tags/docker/</link>
    <description>Recent content in docker on 凉风有信 秋月无边</description>
    <generator>Hugo -- gohugo.io</generator>
    <language>en-us</language>
    <lastBuildDate>Tue, 12 Mar 2024 15:26:32 +0800</lastBuildDate><atom:link href="/tags/docker/index.xml" rel="self" type="application/rss+xml" />
    <item>
      <title>Docker连接本地PostgreSql数据库</title>
      <link>/posts/docker-content-to-local-postgresql/</link>
      <pubDate>Tue, 12 Mar 2024 15:26:32 +0800</pubDate>
      
      <guid>/posts/docker-content-to-local-postgresql/</guid>
      <description>修改PostgreSql配置文件 # /etc/postgresql/&amp;lt;版本号&amp;gt;/main/postgresql.conf listen_addresses = &amp;#39;*&amp;#39; 修改</description>
    </item>
    
  </channel>
</rss>
