<?xml version="1.0" encoding="utf-8" standalone="yes"?>
<rss version="2.0" xmlns:atom="http://www.w3.org/2005/Atom">
  <channel>
    <title>python on 凉风有信 秋月无边</title>
    <link>/categories/python/</link>
    <description>Recent content in python on 凉风有信 秋月无边</description>
    <generator>Hugo -- gohugo.io</generator>
    <language>en-us</language>
    <lastBuildDate>Thu, 30 Mar 2023 14:31:11 +0800</lastBuildDate><atom:link href="/categories/python/index.xml" rel="self" type="application/rss+xml" />
    <item>
      <title>用钉钉给TA发一个特别的加班通知吧</title>
      <link>/posts/python/dingtalk-send-message-with-python/</link>
      <pubDate>Thu, 30 Mar 2023 14:31:11 +0800</pubDate>
      
      <guid>/posts/python/dingtalk-send-message-with-python/</guid>
      <description>桌面环境 python3.6+ 钉钉后台设置 登陆钉钉开放平台 ​ https://open-dev.dingtalk.com/ 创建应用 按顺序点击，进入创建应用界面 必填项：应用名称和应用描述。 显示已经创建成功的应用，其中Age</description>
    </item>
    
  </channel>
</rss>
