<?xml version="1.0" encoding="utf-8" standalone="yes"?>
<rss version="2.0" xmlns:atom="http://www.w3.org/2005/Atom">
  <channel>
    <title>Posts on 凉风有信 秋月无边</title>
    <link>/posts/</link>
    <description>Recent content in Posts on 凉风有信 秋月无边</description>
    <generator>Hugo -- gohugo.io</generator>
    <language>en-us</language>
    <lastBuildDate>Tue, 12 Mar 2024 15:26:32 +0800</lastBuildDate><atom:link href="/posts/index.xml" rel="self" type="application/rss+xml" />
    <item>
      <title>Docker连接本地PostgreSql数据库</title>
      <link>/posts/docker-content-to-local-postgresql/</link>
      <pubDate>Tue, 12 Mar 2024 15:26:32 +0800</pubDate>
      
      <guid>/posts/docker-content-to-local-postgresql/</guid>
      <description>修改PostgreSql配置文件 # /etc/postgresql/&amp;lt;版本号&amp;gt;/main/postgresql.conf listen_addresses = &amp;#39;*&amp;#39; 修改</description>
    </item>
    
    <item>
      <title>建发费用计算</title>
      <link>/posts/jianfa-costing/</link>
      <pubDate>Tue, 12 Mar 2024 10:02:03 +0800</pubDate>
      
      <guid>/posts/jianfa-costing/</guid>
      <description>增项费用 标准 项目 单价 单位 计算方式 备注 最高立柱大于3米 假梁 50 块 南北向在假梁上的组件 最高立柱大于3米 横版 50 块 所有横版组件 最高立柱大于3.7米 立柱</description>
    </item>
    
    <item>
      <title>建兴光伏踏勘尺寸要求</title>
      <link>/posts/xmcandour-solar-side/</link>
      <pubDate>Mon, 22 Jan 2024 08:49:33 +0800</pubDate>
      
      <guid>/posts/xmcandour-solar-side/</guid>
      <description>房屋尺寸 房屋的南北长度和东西长度必须在图纸中明确标注，默认内径尺寸 房屋额外尺寸 位置 东(米) 西(米) 南(米) 北(米) 备注 女儿墙宽 女儿墙高 不填默</description>
    </item>
    
    <item>
      <title>python代码规范</title>
      <link>/posts/python-style/</link>
      <pubDate>Wed, 27 Dec 2023 08:49:33 +0800</pubDate>
      
      <guid>/posts/python-style/</guid>
      <description>Google Python Style Guide Table of Contents 1 Background 2 Python Language Rules 2.1 Lint 2.2 Imports 2.3 Packages 2.4 Exceptions 2.5 Mutable Global State 2.6 Nested/Local/Inner Classes and Functions 2.7 Comprehensions &amp;amp; Generator Expressions 2.8 Default Iterators and Operators 2.9 Generators 2.10 Lambda Functions 2.11 Conditional Expressions 2.12 Default Argument Values 2.13 Properties 2.14 True/False Evaluations 2.16 Lexical Scoping 2.17 Function and Method Decorators 2.18 Threading 2.19 Power Features</description>
    </item>
    
    <item>
      <title>wordpress使用sqlite数据库</title>
      <link>/posts/wordpress-with-sqlite3/</link>
      <pubDate>Wed, 27 Dec 2023 08:49:33 +0800</pubDate>
      
      <guid>/posts/wordpress-with-sqlite3/</guid>
      <description>将目录下的wp-config-sample.php复制粘贴一份重命名为wp-config.php 打开wp-config.php修改以下配置 //</description>
    </item>
    
    <item>
      <title>美的中央空调红外机代码</title>
      <link>/posts/midea-code/</link>
      <pubDate>Wed, 27 Dec 2023 08:49:33 +0800</pubDate>
      
      <guid>/posts/midea-code/</guid>
      <description>美的中央空调红外机代码 开机 {&amp;#34;value&amp;#34;:11681692,&amp;#34;bits&amp;#34;:24,&amp;#34;protocol_name&amp;#34;:&amp;#34;COOLIX&amp;#34;} `` 关机 ```json {&amp;#34;value&amp;#34;:11697120,&amp;#34;bits&amp;#34;:24,&amp;#34;protocol_name&amp;#34;:&amp;#34;COOLIX&amp;#34;} 制暖28度 {&amp;#34;value&amp;#34;:11681676,&amp;#34;bits&amp;#34;:24,&amp;#34;protocol_name&amp;#34;:&amp;#34;COOLIX&amp;#34;}</description>
    </item>
    
    <item>
      <title>低成本自建家庭监控系统</title>
      <link>/posts/home-monitoring-system/</link>
      <pubDate>Sat, 15 Apr 2023 15:09:44 +0800</pubDate>
      
      <guid>/posts/home-monitoring-system/</guid>
      <description>低成本自建家庭监控系统 前两天在咸鱼上收了2个二手的海康摄像头，就想在家里建一个简单的监控系统，网上搜索了一圈，目前初步完工。仅以记录备忘。 设</description>
    </item>
    
    <item>
      <title>服务器上的应用</title>
      <link>/posts/app-on-server/</link>
      <pubDate>Thu, 13 Apr 2023 18:17:33 +0800</pubDate>
      
      <guid>/posts/app-on-server/</guid>
      <description>目前在Y460(Debain)上按装的应用 SAMBA # 文档局域网共享 DOCKER Portainer # 容器管理 Heimdall # 导航页 wg-easy # wireguard配置管理 Memos # 私人博客 Home Assistant # 智能家居</description>
    </item>
    
    <item>
      <title>CloudFlare配合腾讯云申请SSL证书</title>
      <link>/posts/ssl-certificate/</link>
      <pubDate>Tue, 11 Apr 2023 17:24:56 +0800</pubDate>
      
      <guid>/posts/ssl-certificate/</guid>
      <description>前言 我们在搭建个人网站之后，又申请了域名，最后一步就是给我们的网站申请SSL证书，使用https协议，让我们的网站更安全。 申请免费SSL证书</description>
    </item>
    
    <item>
      <title>windows配置多个git账号</title>
      <link>/posts/windows-configure-multiple-git/</link>
      <pubDate>Fri, 07 Apr 2023 13:56:51 +0800</pubDate>
      
      <guid>/posts/windows-configure-multiple-git/</guid>
      <description>前言 我们为什么要配置多个git账号呢？ 一般情况下，我们都是一台电脑配置一个git账号，使用如下命令： git config --golbal user.name &amp;#34;user&amp;#34; git config --golbal user.email &amp;#34;user@mail.com&amp;#34; 但是，如果我们的电脑</description>
    </item>
    
    <item>
      <title>使用Cloud Flare托管你的博客</title>
      <link>/posts/deploy-hugo-blog-with-cloudflare-pages/</link>
      <pubDate>Thu, 06 Apr 2023 16:03:11 +0800</pubDate>
      
      <guid>/posts/deploy-hugo-blog-with-cloudflare-pages/</guid>
      <description>前言 我们在本地搭建好博客之后，需要将博客放在公网的云服务器上，让所有人都可以访问。国内的云服务器运营商收费都比较高，那么有没有免费的云服务托</description>
    </item>
    
    <item>
      <title>注册免费域名eu.org</title>
      <link>/posts/register-free-domain-name-eu.org/</link>
      <pubDate>Mon, 03 Apr 2023 17:06:27 +0800</pubDate>
      
      <guid>/posts/register-free-domain-name-eu.org/</guid>
      <description>前言 我们在建设一个网站的时候，域名的选择是一件非常基础而且重要的事情。购买一个域名的费用并不会很高，但是你每一年都需要支付一笔不菲的费用给网</description>
    </item>
    
    <item>
      <title>我们为什么学习微积分</title>
      <link>/posts/why-we-learn-calculus/</link>
      <pubDate>Sat, 01 Apr 2023 09:24:53 +0800</pubDate>
      
      <guid>/posts/why-we-learn-calculus/</guid>
      <description>高中的最后一年，我的学校开设了微积分课。 第一堂课就有学生提问：&amp;ldquo;老师，日常生活哪里会用到微积分？&amp;rdquo; 老师回答：&amp;ldq</description>
    </item>
    
    <item>
      <title>个人习惯管理</title>
      <link>/posts/personal-habit-management/</link>
      <pubDate>Fri, 31 Mar 2023 14:21:50 +0800</pubDate>
      
      <guid>/posts/personal-habit-management/</guid>
      <description>一、主动沟通 任务并不是让你一个人完成，你要学会去和相关方沟通，调动资源。 遇到不确定或者不明白的事情，主动问询并不丢脸，反而能够让你用最短的时</description>
    </item>
    
    <item>
      <title>家庭宽带规划</title>
      <link>/posts/home-network-planning/</link>
      <pubDate>Fri, 31 Mar 2023 11:41:24 +0800</pubDate>
      
      <guid>/posts/home-network-planning/</guid>
      <description>前言 移动互联网的发展使得每个人的网络设备激增，如何构建一个简单稳定可靠高速的家庭网络系统就成为了很多人所关心的问题，特别是对于一些准备买房装</description>
    </item>
    
    <item>
      <title>用钉钉给TA发一个特别的加班通知吧</title>
      <link>/posts/python/dingtalk-send-message-with-python/</link>
      <pubDate>Thu, 30 Mar 2023 14:31:11 +0800</pubDate>
      
      <guid>/posts/python/dingtalk-send-message-with-python/</guid>
      <description>桌面环境 python3.6+ 钉钉后台设置 登陆钉钉开放平台 ​ https://open-dev.dingtalk.com/ 创建应用 按顺序点击，进入创建应用界面 必填项：应用名称和应用描述。 显示已经创建成功的应用，其中Age</description>
    </item>
    
    <item>
      <title>提高文章阅读量的8种方式</title>
      <link>/posts/how-to-increase-article-readership/</link>
      <pubDate>Wed, 29 Mar 2023 16:55:05 +0800</pubDate>
      
      <guid>/posts/how-to-increase-article-readership/</guid>
      <description>快餐时代下，一篇文章若不能在最开始就抓住读者的心就将宛如石头沉入大海。本文作者深度剖析了文章点击量低的8个常见原因，若你曾为此感到困扰，不妨</description>
    </item>
    
    <item>
      <title>在数据团队构建“铁三角”</title>
      <link>/posts/data-team-work-with-others/</link>
      <pubDate>Tue, 28 Mar 2023 22:05:40 +0800</pubDate>
      
      <guid>/posts/data-team-work-with-others/</guid>
      <description>前言 在企业内部的数字化建设中，数据部门作为“内部乙方”，需要面对来自内部的各种客户。如何让我们的客户都满意，让业务价值最大化，是一件不容易的</description>
    </item>
    
    <item>
      <title>git简单使用</title>
      <link>/posts/how-to-use-git/</link>
      <pubDate>Tue, 28 Mar 2023 17:44:07 +0800</pubDate>
      
      <guid>/posts/how-to-use-git/</guid>
      <description>git简单使用 安装git 注册github 打开git bash 切换到目录 输入git init初始化目录 本地创建SSH KEY ssh-keygen -t rsa -C &amp;#34;your_email@youremail.com&amp;#34; # your_email@</description>
    </item>
    
    <item>
      <title>网络IP地址段规定</title>
      <link>/posts/rules-for-ip-address/</link>
      <pubDate>Tue, 28 Mar 2023 14:01:23 +0800</pubDate>
      
      <guid>/posts/rules-for-ip-address/</guid>
      <description>总部 门店 序号 IP段 设备 备注 1 001~009 服务器 2 010~039 电子秤 3 040~099 内网电脑 4 100 网关-防火墙 关闭DHCP 5 101~159 空闲 6 160~179 外网设备 7 180~199 空闲 8 200~255 空闲</description>
    </item>
    
    <item>
      <title>文件命名规则</title>
      <link>/posts/rules-for-naming-files/</link>
      <pubDate>Tue, 28 Mar 2023 13:56:05 +0800</pubDate>
      
      <guid>/posts/rules-for-naming-files/</guid>
      <description>电视剧 文件夹 [中文名字][英文名字][一共几季][分辨率][格式] [年份][中文名字][英文名字][第几季][集数][分辨率][格式] 例如：</description>
    </item>
    
    <item>
      <title>梅林固件开机自动获取外网IP地址</title>
      <link>/posts/merlin-router-auto-get-ip/</link>
      <pubDate>Wed, 22 Mar 2023 17:26:41 +0800</pubDate>
      
      <guid>/posts/merlin-router-auto-get-ip/</guid>
      <description>前言 警告 本教程需要将脚本写入路由器的/jffs分区。根据梅林固件的原作者，这样做会缩短路由器的寿命，因为其闪存芯片的写入次数很少(大概10万</description>
    </item>
    
    <item>
      <title>更多富文本显示</title>
      <link>/posts/rich-content/</link>
      <pubDate>Sat, 18 Mar 2023 16:26:23 +0800</pubDate>
      
      <guid>/posts/rich-content/</guid>
      <description>主题的富文本显示方式 支持mermaid flowchart LR A --&gt; B B --&gt; C C --&gt; D D --&gt; B \{\{&amp;lt;mermaid&amp;gt;\}\} flowchart LR A --&amp;gt; B B --&amp;gt; C C --&amp;gt; D D --&amp;gt; B \{\{&amp;lt;/mermaid&amp;gt;\}\} 注释 这里是一个注释 # 实际使用时要删除\符号</description>
    </item>
    
    <item>
      <title>如何用HUGO搭建博客</title>
      <link>/posts/build-blog-with-hugo/</link>
      <pubDate>Fri, 17 Mar 2023 15:41:31 +0800</pubDate>
      
      <guid>/posts/build-blog-with-hugo/</guid>
      <description>简介 Hugo是由Go语言实现的静态网站生成器。简单、易用、高效、易扩展、快速部署。这是官方的介绍。实际安装的时候还是踩了很多坑，现在记录下来</description>
    </item>
    
  </channel>
</rss>
