<?xml version="1.0" encoding="utf-8" standalone="yes"?>
<rss version="2.0" xmlns:atom="http://www.w3.org/2005/Atom">
  <channel>
    <title>Tags on 凉风有信 秋月无边</title>
    <link>/tags/</link>
    <description>Recent content in Tags on 凉风有信 秋月无边</description>
    <generator>Hugo -- gohugo.io</generator>
    <language>en-us</language>
    <lastBuildDate>Tue, 12 Mar 2024 15:26:32 +0800</lastBuildDate><atom:link href="/tags/index.xml" rel="self" type="application/rss+xml" />
    <item>
      <title>docker</title>
      <link>/tags/docker/</link>
      <pubDate>Tue, 12 Mar 2024 15:26:32 +0800</pubDate>
      
      <guid>/tags/docker/</guid>
      <description></description>
    </item>
    
    <item>
      <title>文摘</title>
      <link>/tags/%E6%96%87%E6%91%98/</link>
      <pubDate>Sat, 01 Apr 2023 09:24:53 +0800</pubDate>
      
      <guid>/tags/%E6%96%87%E6%91%98/</guid>
      <description></description>
    </item>
    
    <item>
      <title>work</title>
      <link>/tags/work/</link>
      <pubDate>Tue, 28 Mar 2023 22:05:40 +0800</pubDate>
      
      <guid>/tags/work/</guid>
      <description></description>
    </item>
    
    <item>
      <title>hugo</title>
      <link>/tags/hugo/</link>
      <pubDate>Sat, 18 Mar 2023 16:26:23 +0800</pubDate>
      
      <guid>/tags/hugo/</guid>
      <description></description>
    </item>
    
    <item>
      <title>blog</title>
      <link>/tags/blog/</link>
      <pubDate>Fri, 17 Mar 2023 15:41:31 +0800</pubDate>
      
      <guid>/tags/blog/</guid>
      <description></description>
    </item>
    
  </channel>
</rss>
