<?xml version="1.0" encoding="utf-8" standalone="yes"?>
<rss version="2.0" xmlns:atom="http://www.w3.org/2005/Atom">
  <channel>
    <title>Categories on 凉风有信 秋月无边</title>
    <link>/categories/</link>
    <description>Recent content in Categories on 凉风有信 秋月无边</description>
    <generator>Hugo -- gohugo.io</generator>
    <language>en-us</language>
    <lastBuildDate>Tue, 12 Mar 2024 10:02:03 +0800</lastBuildDate><atom:link href="/categories/index.xml" rel="self" type="application/rss+xml" />
    <item>
      <title>solar</title>
      <link>/categories/solar/</link>
      <pubDate>Tue, 12 Mar 2024 10:02:03 +0800</pubDate>
      
      <guid>/categories/solar/</guid>
      <description></description>
    </item>
    
    <item>
      <title>光伏</title>
      <link>/categories/%E5%85%89%E4%BC%8F/</link>
      <pubDate>Mon, 22 Jan 2024 08:49:33 +0800</pubDate>
      
      <guid>/categories/%E5%85%89%E4%BC%8F/</guid>
      <description></description>
    </item>
    
    <item>
      <title>python</title>
      <link>/categories/python/</link>
      <pubDate>Thu, 30 Mar 2023 14:31:11 +0800</pubDate>
      
      <guid>/categories/python/</guid>
      <description></description>
    </item>
    
    <item>
      <title>photography</title>
      <link>/categories/photography/</link>
      <pubDate>Thu, 16 Mar 2023 14:56:35 +0800</pubDate>
      
      <guid>/categories/photography/</guid>
      <description></description>
    </item>
    
  </channel>
</rss>
