<?xml version="1.0" encoding="utf-8" standalone="yes"?>
<rss version="2.0" xmlns:atom="http://www.w3.org/2005/Atom">
  <channel>
    <title>solar on 凉风有信 秋月无边</title>
    <link>/categories/solar/</link>
    <description>Recent content in solar on 凉风有信 秋月无边</description>
    <generator>Hugo -- gohugo.io</generator>
    <language>en-us</language>
    <lastBuildDate>Tue, 12 Mar 2024 10:02:03 +0800</lastBuildDate><atom:link href="/categories/solar/index.xml" rel="self" type="application/rss+xml" />
    <item>
      <title>建发费用计算</title>
      <link>/posts/jianfa-costing/</link>
      <pubDate>Tue, 12 Mar 2024 10:02:03 +0800</pubDate>
      
      <guid>/posts/jianfa-costing/</guid>
      <description>增项费用 标准 项目 单价 单位 计算方式 备注 最高立柱大于3米 假梁 50 块 南北向在假梁上的组件 最高立柱大于3米 横版 50 块 所有横版组件 最高立柱大于3.7米 立柱</description>
    </item>
    
  </channel>
</rss>
