<?xml version="1.0" encoding="utf-8" standalone="yes"?>
<rss version="2.0" xmlns:atom="http://www.w3.org/2005/Atom">
  <channel>
    <title>文摘 on 凉风有信 秋月无边</title>
    <link>/tags/%E6%96%87%E6%91%98/</link>
    <description>Recent content in 文摘 on 凉风有信 秋月无边</description>
    <generator>Hugo -- gohugo.io</generator>
    <language>en-us</language>
    <lastBuildDate>Sat, 01 Apr 2023 09:24:53 +0800</lastBuildDate><atom:link href="/tags/%E6%96%87%E6%91%98/index.xml" rel="self" type="application/rss+xml" />
    <item>
      <title>我们为什么学习微积分</title>
      <link>/posts/why-we-learn-calculus/</link>
      <pubDate>Sat, 01 Apr 2023 09:24:53 +0800</pubDate>
      
      <guid>/posts/why-we-learn-calculus/</guid>
      <description>高中的最后一年，我的学校开设了微积分课。 第一堂课就有学生提问：&amp;ldquo;老师，日常生活哪里会用到微积分？&amp;rdquo; 老师回答：&amp;ldq</description>
    </item>
    
  </channel>
</rss>
