<?xml version="1.0" encoding="utf-8" standalone="yes"?>
<rss version="2.0" xmlns:atom="http://www.w3.org/2005/Atom">
  <channel>
    <title>blog on 凉风有信 秋月无边</title>
    <link>/tags/blog/</link>
    <description>Recent content in blog on 凉风有信 秋月无边</description>
    <generator>Hugo -- gohugo.io</generator>
    <language>en-us</language>
    <lastBuildDate>Fri, 17 Mar 2023 15:41:31 +0800</lastBuildDate><atom:link href="/tags/blog/index.xml" rel="self" type="application/rss+xml" />
    <item>
      <title>如何用HUGO搭建博客</title>
      <link>/posts/build-blog-with-hugo/</link>
      <pubDate>Fri, 17 Mar 2023 15:41:31 +0800</pubDate>
      
      <guid>/posts/build-blog-with-hugo/</guid>
      <description>简介 Hugo是由Go语言实现的静态网站生成器。简单、易用、高效、易扩展、快速部署。这是官方的介绍。实际安装的时候还是踩了很多坑，现在记录下来</description>
    </item>
    
  </channel>
</rss>
