<?xml version="1.0" encoding="utf-8" standalone="yes"?>
<rss version="2.0" xmlns:atom="http://www.w3.org/2005/Atom">
  <channel>
    <title>photography on 凉风有信 秋月无边</title>
    <link>/categories/photography/</link>
    <description>Recent content in photography on 凉风有信 秋月无边</description>
    <generator>Hugo -- gohugo.io</generator>
    <language>en-us</language>
    <lastBuildDate>Thu, 16 Mar 2023 14:56:35 +0800</lastBuildDate><atom:link href="/categories/photography/index.xml" rel="self" type="application/rss+xml" />
    <item>
      <title>关于我</title>
      <link>/about/</link>
      <pubDate>Thu, 16 Mar 2023 14:56:35 +0800</pubDate>
      
      <guid>/about/</guid>
      <description>基本信息 👨‍💼 姓名：Jack | 36 💬微信：181****9373 👔职位：网络运维工程师 / 小程序开发 / 网络设计 / 低代码开发 教育经历 大专 | 物流管理</description>
    </item>
    
  </channel>
</rss>
